{
  "project_info": {
    "project_number": "896153689531",
    "project_id": "flutter-chat-app-95105",
    "storage_bucket": "flutter-chat-app-95105.firebasestorage.app"
  },
  "client": [
    {
      "client_info": {
        "mobilesdk_app_id": "1:896153689531:android:541f40b23063c361a3789e",
        "android_client_info": {
          "package_name": "com.example.chat_app"
        }
      },
      "oauth_client": [],
      "api_key": [
        {
          "current_key": "AIzaSyBehwRHne88-AFJ200oorN6Gqttmkw6wT0"
        }
      ],
      "services": {
        "appinvite_service": {
          "other_platform_oauth_client": []
        }
      }
    }
  ],
  "configuration_version": "1"
}